{
  "AWSTemplateFormatVersion": "2010-09-09",
  "Description": "The AWS CloudFormation template for this Serverless application",
  "Resources": {
    "ServerlessDeploymentBucket": {
      "Type": "AWS::S3::Bucket",
      "Properties": {
        "BucketEncryption": {
          "ServerSideEncryptionConfiguration": [
            {
              "ServerSideEncryptionByDefault": {
                "SSEAlgorithm": "AES256"
              }
            }
          ]
        }
      }
    },
    "ServerlessDeploymentBucketPolicy": {
      "Type": "AWS::S3::BucketPolicy",
      "Properties": {
        "Bucket": {
          "Ref": "ServerlessDeploymentBucket"
        },
        "PolicyDocument": {
          "Statement": [
            {
              "Action": "s3:*",
              "Effect": "Deny",
              "Principal": "*",
              "Resource": [
                {
                  "Fn::Join": [
                    "",
                    [
                      "arn:",
                      {
                        "Ref": "AWS::Partition"
                      },
                      ":s3:::",
                      {
                        "Ref": "ServerlessDeploymentBucket"
                      },
                      "/*"
                    ]
                  ]
                },
                {
                  "Fn::Join": [
                    "",
                    [
                      "arn:",
                      {
                        "Ref": "AWS::Partition"
                      },
                      ":s3:::",
                      {
                        "Ref": "ServerlessDeploymentBucket"
                      }
                    ]
                  ]
                }
              ],
              "Condition": {
                "Bool": {
                  "aws:SecureTransport": false
                }
              }
            }
          ]
        }
      }
    },
    "AuthorizerLogGroup": {
      "Type": "AWS::Logs::LogGroup",
      "Properties": {
        "LogGroupName": "/aws/lambda/notes-dev-authorizer"
      }
    },
    "CreateNotesLogGroup": {
      "Type": "AWS::Logs::LogGroup",
      "Properties": {
        "LogGroupName": "/aws/lambda/notes-dev-createNotes"
      }
    },
    "UpdateNoteLogGroup": {
      "Type": "AWS::Logs::LogGroup",
      "Properties": {
        "LogGroupName": "/aws/lambda/notes-dev-updateNote"
      }
    },
    "DeleteNoteLogGroup": {
      "Type": "AWS::Logs::LogGroup",
      "Properties": {
        "LogGroupName": "/aws/lambda/notes-dev-deleteNote"
      }
    },
    "GetAllNotesLogGroup": {
      "Type": "AWS::Logs::LogGroup",
      "Properties": {
        "LogGroupName": "/aws/lambda/notes-dev-getAllNotes"
      }
    },
    "IamRoleLambdaExecution": {
      "Type": "AWS::IAM::Role",
      "Properties": {
        "AssumeRolePolicyDocument": {
          "Version": "2012-10-17",
          "Statement": [
            {
              "Effect": "Allow",
              "Principal": {
                "Service": [
                  "lambda.amazonaws.com"
                ]
              },
              "Action": [
                "sts:AssumeRole"
              ]
            }
          ]
        },
        "Policies": [
          {
            "PolicyName": {
              "Fn::Join": [
                "-",
                [
                  "notes",
                  "dev",
                  "lambda"
                ]
              ]
            },
            "PolicyDocument": {
              "Version": "2012-10-17",
              "Statement": [
                {
                  "Effect": "Allow",
                  "Action": [
                    "logs:CreateLogStream",
                    "logs:CreateLogGroup"
                  ],
                  "Resource": [
                    {
                      "Fn::Sub": "arn:${AWS::Partition}:logs:${AWS::Region}:${AWS::AccountId}:log-group:/aws/lambda/notes-dev*:*"
                    }
                  ]
                },
                {
                  "Effect": "Allow",
                  "Action": [
                    "logs:PutLogEvents"
                  ],
                  "Resource": [
                    {
                      "Fn::Sub": "arn:${AWS::Partition}:logs:${AWS::Region}:${AWS::AccountId}:log-group:/aws/lambda/notes-dev*:*:*"
                    }
                  ]
                }
              ]
            }
          }
        ],
        "Path": "/",
        "RoleName": {
          "Fn::Join": [
            "-",
            [
              "notes",
              "dev",
              {
                "Ref": "AWS::Region"
              },
              "lambdaRole"
            ]
          ]
        }
      }
    },
    "AuthorizerLambdaFunction": {
      "Type": "AWS::Lambda::Function",
      "Properties": {
        "Code": {
          "S3Bucket": {
            "Ref": "ServerlessDeploymentBucket"
          },
          "S3Key": "serverless/notes/dev/1668219294066-2022-11-12T02:14:54.066Z/notes.zip"
        },
        "Handler": "authorizer.handler",
        "Runtime": "nodejs14.x",
        "FunctionName": "notes-dev-authorizer",
        "MemorySize": 1024,
        "Timeout": 6,
        "Environment": {
          "Variables": {
            "COGNITO_USERPOOL_ID": {
              "Ref": "cognitoUserPool"
            },
            "COGNITO_WEB_CLIENT_ID": {
              "Ref": "cognitoUserPoolWebClient"
            }
          }
        },
        "Role": {
          "Fn::GetAtt": [
            "IamRoleLambdaExecution",
            "Arn"
          ]
        }
      },
      "DependsOn": [
        "AuthorizerLogGroup"
      ]
    },
    "CreateNotesLambdaFunction": {
      "Type": "AWS::Lambda::Function",
      "Properties": {
        "Code": {
          "S3Bucket": {
            "Ref": "ServerlessDeploymentBucket"
          },
          "S3Key": "serverless/notes/dev/1668219294066-2022-11-12T02:14:54.066Z/notes.zip"
        },
        "Handler": "handler.createNote",
        "Runtime": "nodejs14.x",
        "FunctionName": "notes-dev-createNotes",
        "MemorySize": 1024,
        "Timeout": 6,
        "Environment": {
          "Variables": {
            "AWS_NODEJS_CONNECTION_REUSE_ENABLED": "1",
            "NOTES_TABLE_NAME": {
              "Ref": "notesTable"
            }
          }
        },
        "Role": {
          "Fn::GetAtt": [
            "CreateNotesIamRoleLambdaExecution",
            "Arn"
          ]
        }
      },
      "DependsOn": [
        "CreateNotesIamRoleLambdaExecution",
        "CreateNotesLogGroup"
      ]
    },
    "UpdateNoteLambdaFunction": {
      "Type": "AWS::Lambda::Function",
      "Properties": {
        "Code": {
          "S3Bucket": {
            "Ref": "ServerlessDeploymentBucket"
          },
          "S3Key": "serverless/notes/dev/1668219294066-2022-11-12T02:14:54.066Z/notes.zip"
        },
        "Handler": "handler.updateNote",
        "Runtime": "nodejs14.x",
        "FunctionName": "notes-dev-updateNote",
        "MemorySize": 1024,
        "Timeout": 6,
        "Environment": {
          "Variables": {
            "NOTES_TABLE_NAME": {
              "Ref": "notesTable"
            },
            "AWS_NODEJS_CONNECTION_REUSE_ENABLED": "1"
          }
        },
        "Role": {
          "Fn::GetAtt": [
            "UpdateNoteIamRoleLambdaExecution",
            "Arn"
          ]
        }
      },
      "DependsOn": [
        "UpdateNoteIamRoleLambdaExecution",
        "UpdateNoteLogGroup"
      ]
    },
    "DeleteNoteLambdaFunction": {
      "Type": "AWS::Lambda::Function",
      "Properties": {
        "Code": {
          "S3Bucket": {
            "Ref": "ServerlessDeploymentBucket"
          },
          "S3Key": "serverless/notes/dev/1668219294066-2022-11-12T02:14:54.066Z/notes.zip"
        },
        "Handler": "handler.deleteNote",
        "Runtime": "nodejs14.x",
        "FunctionName": "notes-dev-deleteNote",
        "MemorySize": 1024,
        "Timeout": 6,
        "Environment": {
          "Variables": {
            "NOTES_TABLE_NAME": {
              "Ref": "notesTable"
            },
            "AWS_NODEJS_CONNECTION_REUSE_ENABLED": "1"
          }
        },
        "Role": {
          "Fn::GetAtt": [
            "DeleteNoteIamRoleLambdaExecution",
            "Arn"
          ]
        }
      },
      "DependsOn": [
        "DeleteNoteIamRoleLambdaExecution",
        "DeleteNoteLogGroup"
      ]
    },
    "GetAllNotesLambdaFunction": {
      "Type": "AWS::Lambda::Function",
      "Properties": {
        "Code": {
          "S3Bucket": {
            "Ref": "ServerlessDeploymentBucket"
          },
          "S3Key": "serverless/notes/dev/1668219294066-2022-11-12T02:14:54.066Z/notes.zip"
        },
        "Handler": "handler.getAllNotes",
        "Runtime": "nodejs14.x",
        "FunctionName": "notes-dev-getAllNotes",
        "MemorySize": 1024,
        "Timeout": 6,
        "Environment": {
          "Variables": {
            "NOTES_TABLE_NAME": {
              "Ref": "notesTable"
            },
            "AWS_NODEJS_CONNECTION_REUSE_ENABLED": "1"
          }
        },
        "Role": {
          "Fn::GetAtt": [
            "GetAllNotesIamRoleLambdaExecution",
            "Arn"
          ]
        }
      },
      "DependsOn": [
        "GetAllNotesIamRoleLambdaExecution",
        "GetAllNotesLogGroup"
      ]
    },
    "AuthorizerLambdaVersionLDxVWIdqIOMT91P6AH9EO7LOS35mJLYTKcCPP9I3h0": {
      "Type": "AWS::Lambda::Version",
      "DeletionPolicy": "Retain",
      "Properties": {
        "FunctionName": {
          "Ref": "AuthorizerLambdaFunction"
        },
        "CodeSha256": "DDZjADFqVamVHLF7yyD1p64qGIvBBQb15NaRtz3m2mA="
      }
    },
    "CreateNotesLambdaVersionFTcImkMWQ50iMDu3cvnALYNUrY48nHSqInPixB8ZYg": {
      "Type": "AWS::Lambda::Version",
      "DeletionPolicy": "Retain",
      "Properties": {
        "FunctionName": {
          "Ref": "CreateNotesLambdaFunction"
        },
        "CodeSha256": "DDZjADFqVamVHLF7yyD1p64qGIvBBQb15NaRtz3m2mA="
      }
    },
    "UpdateNoteLambdaVersiona3xRmIU3qINgghaQWZ9MkoT9SqHISr9MxCVtzwkxrU": {
      "Type": "AWS::Lambda::Version",
      "DeletionPolicy": "Retain",
      "Properties": {
        "FunctionName": {
          "Ref": "UpdateNoteLambdaFunction"
        },
        "CodeSha256": "DDZjADFqVamVHLF7yyD1p64qGIvBBQb15NaRtz3m2mA="
      }
    },
    "DeleteNoteLambdaVersion1ceJv7HhSoiPtQAh0ZC7h5h9r9g9E1421DMW9EjY": {
      "Type": "AWS::Lambda::Version",
      "DeletionPolicy": "Retain",
      "Properties": {
        "FunctionName": {
          "Ref": "DeleteNoteLambdaFunction"
        },
        "CodeSha256": "DDZjADFqVamVHLF7yyD1p64qGIvBBQb15NaRtz3m2mA="
      }
    },
    "GetAllNotesLambdaVersionnLVzqiHSoPr7infS7N3GolObl3TsEFsY6g9En7yo": {
      "Type": "AWS::Lambda::Version",
      "DeletionPolicy": "Retain",
      "Properties": {
        "FunctionName": {
          "Ref": "GetAllNotesLambdaFunction"
        },
        "CodeSha256": "DDZjADFqVamVHLF7yyD1p64qGIvBBQb15NaRtz3m2mA="
      }
    },
    "ApiGatewayRestApi": {
      "Type": "AWS::ApiGateway::RestApi",
      "Properties": {
        "Name": "dev-notes",
        "EndpointConfiguration": {
          "Types": [
            "EDGE"
          ]
        },
        "Policy": ""
      }
    },
    "ApiGatewayResourceNotes": {
      "Type": "AWS::ApiGateway::Resource",
      "Properties": {
        "ParentId": {
          "Fn::GetAtt": [
            "ApiGatewayRestApi",
            "RootResourceId"
          ]
        },
        "PathPart": "notes",
        "RestApiId": {
          "Ref": "ApiGatewayRestApi"
        }
      }
    },
    "ApiGatewayResourceNotesIdVar": {
      "Type": "AWS::ApiGateway::Resource",
      "Properties": {
        "ParentId": {
          "Ref": "ApiGatewayResourceNotes"
        },
        "PathPart": "{id}",
        "RestApiId": {
          "Ref": "ApiGatewayRestApi"
        }
      }
    },
    "ApiGatewayMethodNotesPost": {
      "Type": "AWS::ApiGateway::Method",
      "Properties": {
        "HttpMethod": "POST",
        "RequestParameters": {},
        "ResourceId": {
          "Ref": "ApiGatewayResourceNotes"
        },
        "RestApiId": {
          "Ref": "ApiGatewayRestApi"
        },
        "ApiKeyRequired": false,
        "AuthorizationType": "CUSTOM",
        "AuthorizerId": {
          "Ref": "AuthorizerApiGatewayAuthorizer"
        },
        "Integration": {
          "IntegrationHttpMethod": "POST",
          "Type": "AWS_PROXY",
          "Uri": {
            "Fn::Join": [
              "",
              [
                "arn:",
                {
                  "Ref": "AWS::Partition"
                },
                ":apigateway:",
                {
                  "Ref": "AWS::Region"
                },
                ":lambda:path/2015-03-31/functions/",
                {
                  "Fn::GetAtt": [
                    "CreateNotesLambdaFunction",
                    "Arn"
                  ]
                },
                "/invocations"
              ]
            ]
          }
        },
        "MethodResponses": []
      },
      "DependsOn": "AuthorizerApiGatewayAuthorizer"
    },
    "ApiGatewayMethodNotesIdVarPut": {
      "Type": "AWS::ApiGateway::Method",
      "Properties": {
        "HttpMethod": "PUT",
        "RequestParameters": {},
        "ResourceId": {
          "Ref": "ApiGatewayResourceNotesIdVar"
        },
        "RestApiId": {
          "Ref": "ApiGatewayRestApi"
        },
        "ApiKeyRequired": false,
        "AuthorizationType": "CUSTOM",
        "AuthorizerId": {
          "Ref": "AuthorizerApiGatewayAuthorizer"
        },
        "Integration": {
          "IntegrationHttpMethod": "POST",
          "Type": "AWS_PROXY",
          "Uri": {
            "Fn::Join": [
              "",
              [
                "arn:",
                {
                  "Ref": "AWS::Partition"
                },
                ":apigateway:",
                {
                  "Ref": "AWS::Region"
                },
                ":lambda:path/2015-03-31/functions/",
                {
                  "Fn::GetAtt": [
                    "UpdateNoteLambdaFunction",
                    "Arn"
                  ]
                },
                "/invocations"
              ]
            ]
          }
        },
        "MethodResponses": []
      },
      "DependsOn": "AuthorizerApiGatewayAuthorizer"
    },
    "ApiGatewayMethodNotesIdVarDelete": {
      "Type": "AWS::ApiGateway::Method",
      "Properties": {
        "HttpMethod": "DELETE",
        "RequestParameters": {},
        "ResourceId": {
          "Ref": "ApiGatewayResourceNotesIdVar"
        },
        "RestApiId": {
          "Ref": "ApiGatewayRestApi"
        },
        "ApiKeyRequired": false,
        "AuthorizationType": "CUSTOM",
        "AuthorizerId": {
          "Ref": "AuthorizerApiGatewayAuthorizer"
        },
        "Integration": {
          "IntegrationHttpMethod": "POST",
          "Type": "AWS_PROXY",
          "Uri": {
            "Fn::Join": [
              "",
              [
                "arn:",
                {
                  "Ref": "AWS::Partition"
                },
                ":apigateway:",
                {
                  "Ref": "AWS::Region"
                },
                ":lambda:path/2015-03-31/functions/",
                {
                  "Fn::GetAtt": [
                    "DeleteNoteLambdaFunction",
                    "Arn"
                  ]
                },
                "/invocations"
              ]
            ]
          }
        },
        "MethodResponses": []
      },
      "DependsOn": "AuthorizerApiGatewayAuthorizer"
    },
    "ApiGatewayMethodNotesGet": {
      "Type": "AWS::ApiGateway::Method",
      "Properties": {
        "HttpMethod": "GET",
        "RequestParameters": {},
        "ResourceId": {
          "Ref": "ApiGatewayResourceNotes"
        },
        "RestApiId": {
          "Ref": "ApiGatewayRestApi"
        },
        "ApiKeyRequired": false,
        "AuthorizationType": "COGNITO_USER_POOLS",
        "AuthorizerId": {
          "Ref": "UserpoolUnderscoreauthorizerApiGatewayAuthorizer"
        },
        "Integration": {
          "IntegrationHttpMethod": "POST",
          "Type": "AWS_PROXY",
          "Uri": {
            "Fn::Join": [
              "",
              [
                "arn:",
                {
                  "Ref": "AWS::Partition"
                },
                ":apigateway:",
                {
                  "Ref": "AWS::Region"
                },
                ":lambda:path/2015-03-31/functions/",
                {
                  "Fn::GetAtt": [
                    "GetAllNotesLambdaFunction",
                    "Arn"
                  ]
                },
                "/invocations"
              ]
            ]
          }
        },
        "MethodResponses": []
      },
      "DependsOn": "UserpoolUnderscoreauthorizerApiGatewayAuthorizer"
    },
    "AuthorizerApiGatewayAuthorizer": {
      "Type": "AWS::ApiGateway::Authorizer",
      "Properties": {
        "IdentitySource": "method.request.header.Authorization",
        "Name": "authorizer",
        "RestApiId": {
          "Ref": "ApiGatewayRestApi"
        },
        "AuthorizerUri": {
          "Fn::Join": [
            "",
            [
              "arn:",
              {
                "Ref": "AWS::Partition"
              },
              ":apigateway:",
              {
                "Ref": "AWS::Region"
              },
              ":lambda:path/2015-03-31/functions/",
              {
                "Fn::GetAtt": [
                  "AuthorizerLambdaFunction",
                  "Arn"
                ]
              },
              "/invocations"
            ]
          ]
        },
        "Type": "TOKEN"
      }
    },
    "UserpoolUnderscoreauthorizerApiGatewayAuthorizer": {
      "Type": "AWS::ApiGateway::Authorizer",
      "Properties": {
        "AuthorizerResultTtlInSeconds": 300,
        "IdentitySource": "method.request.header.Authorization",
        "Name": "userpool_authorizer",
        "RestApiId": {
          "Ref": "ApiGatewayRestApi"
        },
        "Type": "COGNITO_USER_POOLS",
        "ProviderARNs": [
          {
            "Fn::GetAtt": [
              "cognitoUserPool",
              "Arn"
            ]
          }
        ]
      }
    },
    "ApiGatewayDeployment1668219291387": {
      "Type": "AWS::ApiGateway::Deployment",
      "Properties": {
        "RestApiId": {
          "Ref": "ApiGatewayRestApi"
        },
        "StageName": "dev"
      },
      "DependsOn": [
        "ApiGatewayMethodNotesPost",
        "ApiGatewayMethodNotesIdVarPut",
        "ApiGatewayMethodNotesIdVarDelete",
        "ApiGatewayMethodNotesGet"
      ]
    },
    "CreateNotesLambdaPermissionApiGateway": {
      "Type": "AWS::Lambda::Permission",
      "Properties": {
        "FunctionName": {
          "Fn::GetAtt": [
            "CreateNotesLambdaFunction",
            "Arn"
          ]
        },
        "Action": "lambda:InvokeFunction",
        "Principal": "apigateway.amazonaws.com",
        "SourceArn": {
          "Fn::Join": [
            "",
            [
              "arn:",
              {
                "Ref": "AWS::Partition"
              },
              ":execute-api:",
              {
                "Ref": "AWS::Region"
              },
              ":",
              {
                "Ref": "AWS::AccountId"
              },
              ":",
              {
                "Ref": "ApiGatewayRestApi"
              },
              "/*/*"
            ]
          ]
        }
      }
    },
    "AuthorizerLambdaPermissionApiGateway": {
      "Type": "AWS::Lambda::Permission",
      "Properties": {
        "FunctionName": {
          "Fn::GetAtt": [
            "AuthorizerLambdaFunction",
            "Arn"
          ]
        },
        "Action": "lambda:InvokeFunction",
        "Principal": "apigateway.amazonaws.com",
        "SourceArn": {
          "Fn::Join": [
            "",
            [
              "arn:",
              {
                "Ref": "AWS::Partition"
              },
              ":execute-api:",
              {
                "Ref": "AWS::Region"
              },
              ":",
              {
                "Ref": "AWS::AccountId"
              },
              ":",
              {
                "Ref": "ApiGatewayRestApi"
              },
              "/*/*"
            ]
          ]
        }
      }
    },
    "UpdateNoteLambdaPermissionApiGateway": {
      "Type": "AWS::Lambda::Permission",
      "Properties": {
        "FunctionName": {
          "Fn::GetAtt": [
            "UpdateNoteLambdaFunction",
            "Arn"
          ]
        },
        "Action": "lambda:InvokeFunction",
        "Principal": "apigateway.amazonaws.com",
        "SourceArn": {
          "Fn::Join": [
            "",
            [
              "arn:",
              {
                "Ref": "AWS::Partition"
              },
              ":execute-api:",
              {
                "Ref": "AWS::Region"
              },
              ":",
              {
                "Ref": "AWS::AccountId"
              },
              ":",
              {
                "Ref": "ApiGatewayRestApi"
              },
              "/*/*"
            ]
          ]
        }
      }
    },
    "DeleteNoteLambdaPermissionApiGateway": {
      "Type": "AWS::Lambda::Permission",
      "Properties": {
        "FunctionName": {
          "Fn::GetAtt": [
            "DeleteNoteLambdaFunction",
            "Arn"
          ]
        },
        "Action": "lambda:InvokeFunction",
        "Principal": "apigateway.amazonaws.com",
        "SourceArn": {
          "Fn::Join": [
            "",
            [
              "arn:",
              {
                "Ref": "AWS::Partition"
              },
              ":execute-api:",
              {
                "Ref": "AWS::Region"
              },
              ":",
              {
                "Ref": "AWS::AccountId"
              },
              ":",
              {
                "Ref": "ApiGatewayRestApi"
              },
              "/*/*"
            ]
          ]
        }
      }
    },
    "GetAllNotesLambdaPermissionApiGateway": {
      "Type": "AWS::Lambda::Permission",
      "Properties": {
        "FunctionName": {
          "Fn::GetAtt": [
            "GetAllNotesLambdaFunction",
            "Arn"
          ]
        },
        "Action": "lambda:InvokeFunction",
        "Principal": "apigateway.amazonaws.com",
        "SourceArn": {
          "Fn::Join": [
            "",
            [
              "arn:",
              {
                "Ref": "AWS::Partition"
              },
              ":execute-api:",
              {
                "Ref": "AWS::Region"
              },
              ":",
              {
                "Ref": "AWS::AccountId"
              },
              ":",
              {
                "Ref": "ApiGatewayRestApi"
              },
              "/*/*"
            ]
          ]
        }
      }
    },
    "CreateNotesIamRoleLambdaExecution": {
      "Type": "AWS::IAM::Role",
      "Properties": {
        "AssumeRolePolicyDocument": {
          "Version": "2012-10-17",
          "Statement": [
            {
              "Effect": "Allow",
              "Principal": {
                "Service": [
                  "lambda.amazonaws.com"
                ]
              },
              "Action": [
                "sts:AssumeRole"
              ]
            }
          ]
        },
        "Policies": [
          {
            "PolicyName": {
              "Fn::Join": [
                "-",
                [
                  "notes",
                  "dev",
                  "lambda"
                ]
              ]
            },
            "PolicyDocument": {
              "Version": "2012-10-17",
              "Statement": [
                {
                  "Effect": "Allow",
                  "Action": [
                    "logs:CreateLogStream",
                    "logs:CreateLogGroup",
                    "logs:PutLogEvents"
                  ],
                  "Resource": [
                    {
                      "Fn::Sub": "arn:${AWS::Partition}:logs:${AWS::Region}:${AWS::AccountId}:log-group:/aws/lambda/notes-dev-createNotes:*:*"
                    }
                  ]
                },
                {
                  "Effect": "Allow",
                  "Action": [
                    "dynamoDB:PutItem"
                  ],
                  "Resource": {
                    "Fn::GetAtt": [
                      "notesTable",
                      "Arn"
                    ]
                  }
                }
              ]
            }
          }
        ],
        "Path": "/",
        "RoleName": {
          "Fn::Join": [
            "-",
            [
              "notes",
              "dev",
              "createNotes",
              {
                "Ref": "AWS::Region"
              },
              "lambdaRole"
            ]
          ]
        },
        "ManagedPolicyArns": []
      }
    },
    "UpdateNoteIamRoleLambdaExecution": {
      "Type": "AWS::IAM::Role",
      "Properties": {
        "AssumeRolePolicyDocument": {
          "Version": "2012-10-17",
          "Statement": [
            {
              "Effect": "Allow",
              "Principal": {
                "Service": [
                  "lambda.amazonaws.com"
                ]
              },
              "Action": [
                "sts:AssumeRole"
              ]
            }
          ]
        },
        "Policies": [
          {
            "PolicyName": {
              "Fn::Join": [
                "-",
                [
                  "notes",
                  "dev",
                  "lambda"
                ]
              ]
            },
            "PolicyDocument": {
              "Version": "2012-10-17",
              "Statement": [
                {
                  "Effect": "Allow",
                  "Action": [
                    "logs:CreateLogStream",
                    "logs:CreateLogGroup",
                    "logs:PutLogEvents"
                  ],
                  "Resource": [
                    {
                      "Fn::Sub": "arn:${AWS::Partition}:logs:${AWS::Region}:${AWS::AccountId}:log-group:/aws/lambda/notes-dev-updateNote:*:*"
                    }
                  ]
                },
                {
                  "Effect": "Allow",
                  "Action": [
                    "dynamoDB:UpdateItem"
                  ],
                  "Resource": {
                    "Fn::GetAtt": [
                      "notesTable",
                      "Arn"
                    ]
                  }
                }
              ]
            }
          }
        ],
        "Path": "/",
        "RoleName": {
          "Fn::Join": [
            "-",
            [
              "notes",
              "dev",
              "updateNote",
              {
                "Ref": "AWS::Region"
              },
              "lambdaRole"
            ]
          ]
        },
        "ManagedPolicyArns": []
      }
    },
    "DeleteNoteIamRoleLambdaExecution": {
      "Type": "AWS::IAM::Role",
      "Properties": {
        "AssumeRolePolicyDocument": {
          "Version": "2012-10-17",
          "Statement": [
            {
              "Effect": "Allow",
              "Principal": {
                "Service": [
                  "lambda.amazonaws.com"
                ]
              },
              "Action": [
                "sts:AssumeRole"
              ]
            }
          ]
        },
        "Policies": [
          {
            "PolicyName": {
              "Fn::Join": [
                "-",
                [
                  "notes",
                  "dev",
                  "lambda"
                ]
              ]
            },
            "PolicyDocument": {
              "Version": "2012-10-17",
              "Statement": [
                {
                  "Effect": "Allow",
                  "Action": [
                    "logs:CreateLogStream",
                    "logs:CreateLogGroup",
                    "logs:PutLogEvents"
                  ],
                  "Resource": [
                    {
                      "Fn::Sub": "arn:${AWS::Partition}:logs:${AWS::Region}:${AWS::AccountId}:log-group:/aws/lambda/notes-dev-deleteNote:*:*"
                    }
                  ]
                },
                {
                  "Effect": "Allow",
                  "Action": [
                    "dynamoDB:DeleteItem"
                  ],
                  "Resource": {
                    "Fn::GetAtt": [
                      "notesTable",
                      "Arn"
                    ]
                  }
                }
              ]
            }
          }
        ],
        "Path": "/",
        "RoleName": {
          "Fn::Join": [
            "-",
            [
              "notes",
              "dev",
              "deleteNote",
              {
                "Ref": "AWS::Region"
              },
              "lambdaRole"
            ]
          ]
        },
        "ManagedPolicyArns": []
      }
    },
    "GetAllNotesIamRoleLambdaExecution": {
      "Type": "AWS::IAM::Role",
      "Properties": {
        "AssumeRolePolicyDocument": {
          "Version": "2012-10-17",
          "Statement": [
            {
              "Effect": "Allow",
              "Principal": {
                "Service": [
                  "lambda.amazonaws.com"
                ]
              },
              "Action": [
                "sts:AssumeRole"
              ]
            }
          ]
        },
        "Policies": [
          {
            "PolicyName": {
              "Fn::Join": [
                "-",
                [
                  "notes",
                  "dev",
                  "lambda"
                ]
              ]
            },
            "PolicyDocument": {
              "Version": "2012-10-17",
              "Statement": [
                {
                  "Effect": "Allow",
                  "Action": [
                    "logs:CreateLogStream",
                    "logs:CreateLogGroup",
                    "logs:PutLogEvents"
                  ],
                  "Resource": [
                    {
                      "Fn::Sub": "arn:${AWS::Partition}:logs:${AWS::Region}:${AWS::AccountId}:log-group:/aws/lambda/notes-dev-getAllNotes:*:*"
                    }
                  ]
                },
                {
                  "Effect": "Allow",
                  "Action": [
                    "dynamoDB:Scan"
                  ],
                  "Resource": {
                    "Fn::GetAtt": [
                      "notesTable",
                      "Arn"
                    ]
                  }
                }
              ]
            }
          }
        ],
        "Path": "/",
        "RoleName": {
          "Fn::Join": [
            "-",
            [
              "notes",
              "dev",
              "getAllNotes",
              {
                "Ref": "AWS::Region"
              },
              "lambdaRole"
            ]
          ]
        },
        "ManagedPolicyArns": []
      }
    },
    "notesTable": {
      "Type": "AWS::DynamoDB::Table",
      "Properties": {
        "TableName": "notes-dev",
        "BillingMode": "PAY_PER_REQUEST",
        "AttributeDefinitions": [
          {
            "AttributeName": "notesId",
            "AttributeType": "S"
          }
        ],
        "KeySchema": [
          {
            "AttributeName": "notesId",
            "KeyType": "HASH"
          }
        ]
      }
    },
    "cognitoUserPool": {
      "Type": "AWS::Cognito::UserPool",
      "Properties": {
        "UserPoolName": "MyNotesUP-dev"
      }
    },
    "cognitoUserPoolWebClient": {
      "Type": "AWS::Cognito::UserPoolClient",
      "Properties": {
        "UserPoolId": {
          "Ref": "cognitoUserPool"
        },
        "ClientName": "web",
        "AllowedOAuthFlowsUserPoolClient": true,
        "SupportedIdentityProviders": [
          "COGNITO"
        ],
        "AllowedOAuthScopes": [
          "phone",
          "email",
          "openid",
          "profile"
        ],
        "AllowedOAuthFlows": [
          "implicit"
        ],
        "CallbackURLs": [
          "http://localhost:3000"
        ]
      }
    },
    "cognitoUserPoolDomain": {
      "Type": "AWS::Cognito::UserPoolDomain",
      "Properties": {
        "UserPoolId": {
          "Ref": "cognitoUserPool"
        },
        "Domain": "mynotescd-amadoranalytics-dev"
      }
    },
    "userPoolArnParam": {
      "Type": "AWS::SSM::Parameter",
      "Properties": {
        "Name": "/notes/dev/userPoolArn",
        "Type": "String",
        "Value": {
          "Fn::GetAtt": [
            "cognitoUserPool",
            "Arn"
          ]
        }
      }
    }
  },
  "Outputs": {
    "ServerlessDeploymentBucketName": {
      "Value": {
        "Ref": "ServerlessDeploymentBucket"
      },
      "Export": {
        "Name": "sls-notes-dev-ServerlessDeploymentBucketName"
      }
    },
    "AuthorizerLambdaFunctionQualifiedArn": {
      "Description": "Current Lambda function version",
      "Value": {
        "Ref": "AuthorizerLambdaVersionLDxVWIdqIOMT91P6AH9EO7LOS35mJLYTKcCPP9I3h0"
      },
      "Export": {
        "Name": "sls-notes-dev-AuthorizerLambdaFunctionQualifiedArn"
      }
    },
    "CreateNotesLambdaFunctionQualifiedArn": {
      "Description": "Current Lambda function version",
      "Value": {
        "Ref": "CreateNotesLambdaVersionFTcImkMWQ50iMDu3cvnALYNUrY48nHSqInPixB8ZYg"
      },
      "Export": {
        "Name": "sls-notes-dev-CreateNotesLambdaFunctionQualifiedArn"
      }
    },
    "UpdateNoteLambdaFunctionQualifiedArn": {
      "Description": "Current Lambda function version",
      "Value": {
        "Ref": "UpdateNoteLambdaVersiona3xRmIU3qINgghaQWZ9MkoT9SqHISr9MxCVtzwkxrU"
      },
      "Export": {
        "Name": "sls-notes-dev-UpdateNoteLambdaFunctionQualifiedArn"
      }
    },
    "DeleteNoteLambdaFunctionQualifiedArn": {
      "Description": "Current Lambda function version",
      "Value": {
        "Ref": "DeleteNoteLambdaVersion1ceJv7HhSoiPtQAh0ZC7h5h9r9g9E1421DMW9EjY"
      },
      "Export": {
        "Name": "sls-notes-dev-DeleteNoteLambdaFunctionQualifiedArn"
      }
    },
    "GetAllNotesLambdaFunctionQualifiedArn": {
      "Description": "Current Lambda function version",
      "Value": {
        "Ref": "GetAllNotesLambdaVersionnLVzqiHSoPr7infS7N3GolObl3TsEFsY6g9En7yo"
      },
      "Export": {
        "Name": "sls-notes-dev-GetAllNotesLambdaFunctionQualifiedArn"
      }
    },
    "ServiceEndpoint": {
      "Description": "URL of the service endpoint",
      "Value": {
        "Fn::Join": [
          "",
          [
            "https://",
            {
              "Ref": "ApiGatewayRestApi"
            },
            ".execute-api.",
            {
              "Ref": "AWS::Region"
            },
            ".",
            {
              "Ref": "AWS::URLSuffix"
            },
            "/dev"
          ]
        ]
      },
      "Export": {
        "Name": "sls-notes-dev-ServiceEndpoint"
      }
    }
  }
}